1;8 401 663 65 25
11;8 467 004 1713
12;+7 (226) 272-3606
17;+76480940233
25;+7 (442) 489-8616
26;+70701831236
33;+7 593 383 48 66
35;+73642023322
40;8 526 521 1578
41;8 270 783 5552
42;8 (548) 608-68-87
50;+7 (810) 674-0652
53;+70951590563
58;+71501488583
59;8 (262) 811-6417
63;+77587703906
64;+7 (657) 298-66-34
65;8 (191) 960-12-03
66;81147330010
67;+7 628 466 2781
69;+7 (359) 495-20-52
70;+7 927 113 4747
73;+7 (563) 637-06-71
78;8 537 635 56 73
79;83175632977
81;8 (478) 145-8352
83;+7 (917) 852-8685
85;8 568 820 95 56
86;+7 (881) 063-8882
91;8 (716) 150-78-96
93;8 314 218 19 40
96;8 808 978 5659
101;8 (960) 181-16-87
103;+7 323 512 46 47
113;8 359 185 09 46
116;+72431754044
117;+79049002238
119;8 959 464 93 54
121;+7 398 759 31 86
127;8 (710) 413-5676
137;+7 (589) 056-7873
138;8 935 575 48 98
140;8 (780) 454-4297
141;8 266 860 09 15
142;8 289 937 51 12
144;+72587051194
147;8 (402) 618-2609
153;8 (695) 199-82-42
161;+7 213 549 0413
170;+78536366067
173;85015670855
174;+7 (353) 189-46-56
177;88087681392
181;+71972810394
184;8 189 088 94 99
186;8 (567) 345-51-94
187;8 (726) 683-29-97
188;+76728657129
191;8 (591) 971-2575
192;+7 (669) 896-3956
196;+7 (621) 094-7342
197;8 (200) 758-9838
203;8 832 285 8823
204;8 (866) 392-3510
214;8 (595) 601-86-67
217;8 702 509 55 96
219;8 (046) 499-66-58
220;89179116482
221;+7 161 791 81 59
226;+7 293 993 13 68
231;+7 647 650 40 22
232;+7 (593) 305-82-22
236;+71228466945
239;8 (297) 913-7013
241;8 (413) 641-05-51
246;83992091001
247;82504487545
248;85112484425
253;+7 (670) 130-7622
257;8 779 555 43 64
258;8 (956) 655-42-88
261;+7 (320) 835-65-13
265;8 673 605 11 72
272;8 063 937 4788
275;8 259 960 17 33
276;+7 918 572 06 85
280;+7 (853) 201-19-36
284;+7 (590) 741-4282
301;+7 736 122 46 42
305;8 065 905 0741
309;8 351 316 39 08
317;8 (965) 200-6850
326;+7 761 850 6217
329;+7 398 232 4978
330;+73908873502
331;8 (568) 921-3932
332;+7 329 658 0817
336;+7 320 960 9812
337;8 (410) 625-2338
342;8 (991) 259-0548
344;82108460106
347;8 (457) 734-4463
348;+7 (023) 110-9114
349;8 836 060 32 52
351;8 (793) 479-6974
354;+7 498 708 9292
356;8 026 001 1132
359;+7 (020) 108-5691
360;+77829958757
363;82172247463
366;+79529879482
372;+75101212361
376;+7 (605) 091-91-94
382;+7 111 462 3226
384;8 (827) 490-4314
387;+7 (396) 608-10-46
389;89590001152
390;8 991 389 46 18
395;+7 (196) 038-4852
399;+70981464367
404;8 (903) 064-03-42
406;+7 (659) 393-0474
408;8 608 422 0985
409;8 (199) 746-9418
410;+7 611 086 01 43
411;+7 430 209 03 22
417;8 (471) 743-08-20
420;85323869420
422;+7 (469) 169-32-72
424;8 (798) 388-9581
426;+7 (278) 728-3247
427;+7 (849) 139-3708
428;8 368 420 22 65
431;8 (681) 039-79-42
432;+7 170 723 8031
434;+75389620192
435;+76847858677
437;+77950255160
443;8 800 165 91 70
446;8 807 272 6260
451;+7 740 454 98 86
454;8 893 963 3797
456;+7 (855) 604-2404
460;8 (073) 493-9101
461;+7 (969) 486-9823
464;+7 (461) 980-3884
465;+7 051 999 98 56
470;8 943 892 3316
471;8 895 317 26 62
473;+79954863820
474;8 761 426 04 03
478;+79760645781
485;+7 278 612 0280
486;8 932 994 18 71
488;8 (397) 061-46-48
492;+7 (448) 138-7192
494;+74218823320
496;8 880 465 2660
499;+7 (688) 117-6536
504;84876051767
510;80733473005
511;82249703148
523;8 (313) 103-60-91
524;+72672594292
529;+7 305 555 7786
530;+7 (297) 433-1199
531;8 (698) 613-27-44
550;+7 801 919 7406
553;+71499300113
557;8 (847) 309-2228
560;+7 583 103 1591
562;8 430 100 6675
566;8 896 795 14 31
579;+7 315 381 05 91
580;+7 (846) 408-92-67
582;+7 569 764 17 91
585;+7 (595) 295-7094
586;+7 493 822 1790
591;+7 369 279 68 22
594;+7 136 030 84 51
595;+7 704 612 71 03
598;+7 676 928 8750
606;+7 725 035 03 64
608;8 798 665 1704
612;8 (038) 485-64-97
626;+7 (738) 990-0321
627;8 711 065 4970
628;80805173053
629;8 078 036 58 27
635;8 (530) 589-37-48
643;+7 079 376 16 94
645;8 752 195 9744
648;+7 (190) 272-19-41
649;+7 017 244 14 52
650;8 844 988 09 57
653;+7 352 365 03 53
654;8 991 853 1913
655;88294638758
657;+75863375900
662;8 827 207 33 41
663;8 857 186 8165
669;+7 (557) 907-1306
672;+7 (886) 142-50-32
674;+7 843 195 4414
677;8 (935) 612-3751
681;8 (329) 457-1026
682;8 775 569 70 55
683;+7 614 244 85 74
684;+7 (042) 028-1818
689;83829423206
692;8 (085) 042-9100
694;+77306564033
695;+7 (454) 568-8089
696;+7 (817) 843-4103
704;8 733 273 3670
707;+7 (513) 176-8543
708;+7 (760) 522-0083
712;+7 (108) 265-2387
713;8 (315) 675-76-78
715;+79502554457
717;8 396 762 96 82
719;82960773960
721;8 (464) 711-0389
726;8 (217) 392-1770
730;8 (423) 844-1618
735;8 (733) 505-81-75
736;+7 323 842 4794
737;8 846 237 6591
739;+74089713332
742;8 843 180 4932
743;+7 (458) 884-8077
746;+7 088 495 9650
748;82747911099
749;+78335263247
754;+7 (330) 041-1194
758;8 (239) 211-38-24
759;8 (295) 972-8741
761;+70194640338
768;+7 (089) 072-6725
774;87215084193
778;8 815 995 1290
779;83432324231
783;+7 (866) 989-44-29
784;+7 (344) 245-8006
786;+7 489 112 6077
788;8 (362) 491-4264
789;+7 (269) 652-31-95
791;+7 656 826 86 90
796;8 (455) 865-0609
799;8 (130) 103-82-83
800;8 195 707 76 88
807;+7 (454) 350-2994
810;8 (794) 124-9147
812;+77853332712
814;8 065 356 99 98
816;+7 (583) 878-68-54
821;8 (886) 634-40-07
825;+7 (739) 238-3714
827;8 (055) 859-7830
833;8 (798) 259-17-13
837;8 083 268 79 23
838;+73069997019
842;+75751423268
843;8 (502) 929-30-40
845;+7 (243) 778-9984
846;8 (366) 204-1973
847;+7 826 232 9863
848;8 490 037 9611
849;8 502 134 4142
851;+7 (074) 202-8382
853;+75351737292
854;+7 (337) 187-1013
857;8 (187) 195-0049
859;8 (316) 504-1386
860;8 285 852 6512
861;8 (737) 367-08-33
862;+78426942077
864;88765992435
865;+77117178845
867;8 596 019 74 72
868;8 (917) 562-58-57
871;+7 (297) 076-26-58
873;+7 (899) 818-3984
875;83557147762
876;81281533459
880;81571617685
881;+7 (117) 151-93-79
882;8 825 660 1721
892;+7 399 137 1294
893;+72423396065
898;8 265 941 8580
913;+7 (447) 320-7807
914;+71657226193
916;8 (294) 742-7721
920;8 880 869 75 81
923;89397436393
926;8 847 521 66 60
929;8 (737) 825-78-16
931;+71426727237
932;+7 410 269 64 63
935;8 812 563 06 18
937;8 (633) 946-0366
938;+7 346 119 9631
939;8 842 439 3830
940;82711744989
941;8 023 710 3692
946;+7 193 886 63 70
948;+7 (375) 160-2236
951;8 688 677 15 26
952;+78966303563
964;+7 664 328 01 88
965;8 084 387 14 12
966;8 967 993 6935
967;+7 733 976 90 51
969;+7 041 300 9119
972;+7 (062) 217-7320
974;+71454597311
975;+7 142 603 01 06
978;83678392220
985;+71256614431
988;8 473 130 1932
990;8 (595) 857-27-71
991;+71046285942
992;8 572 599 6169
996;+75765371613
997;89851062111
1021;80410720628
1029;+7 207 705 74 18
1031;8 (951) 324-15-26
1035;+7 (386) 091-9726
1036;+7 272 056 45 42
1038;8 777 145 8021
1040;8 (559) 921-69-52
1041;8 119 956 60 66
1044;89265103204
1045;+7 195 603 4858
1047;8 (754) 547-3227
1048;+7 532 317 6627
1053;8 859 141 67 66
1061;+7 (569) 140-84-69
1070;8 (946) 745-2248
1072;8 636 788 0201
1074;8 163 176 2218
1078;+7 324 717 57 13
1080;8 (657) 795-66-12
1085;8 (174) 639-2832
1086;+7 (942) 544-98-26
1091;+7 (858) 687-22-43
1095;+7 (303) 052-80-39
1096;+7 (617) 823-85-38
1099;89889611348
1104;+7 461 224 0866
1108;80324220041
1113;+7 (502) 239-3347
1116;8 322 994 98 79
1122;+7 (411) 023-46-54
1131;8 221 706 15 58
1132;+7 248 724 1512
1134;+7 (876) 261-2886
1136;+7 (015) 360-4283
1138;8 708 053 7347
1139;8 (924) 740-4240
1140;84069794027
1142;8 (779) 999-9284
1143;+7 096 602 3058
1148;8 562 622 0530
1151;8 (615) 774-8389
1155;8 752 404 09 60
1156;8 979 536 8013
1160;8 (182) 420-6851
1161;+7 787 480 6760
1162;83110821596
1163;+71971788827
1173;+7 583 438 2520
1174;+7 (002) 102-95-52
1176;+71437505344
1181;+7 (976) 766-5151
1185;+7 (959) 461-19-49
1187;+7 605 393 39 23
1195;8 894 315 0863
1196;+78709020262
1197;+78393484989
1199;+7 596 830 30 14
1200;8 307 754 3132
1202;+7 672 274 6413
1203;8 (301) 654-9070
1204;8 (144) 942-9067
1206;84970476599
1208;+7 518 943 7297
1209;8 855 045 1735
1212;8 (998) 778-9330
1227;8 (737) 193-80-41
1230;8 353 292 0164
1233;+7 (240) 679-6785
1234;+7 (252) 666-61-88
1238;+7 (631) 488-0906
1247;+7 673 898 09 41
1255;88176682423
1256;+7 (691) 489-5559
1258;+7 (239) 844-32-70
1264;8 (816) 639-09-67
1270;+78294481273
1274;+7 (813) 392-3413
1275;+7 756 633 2808
1276;8 (671) 916-6031
1280;+7 (304) 252-8734
1282;+75397133947
1284;8 (403) 604-82-59
1291;8 963 311 4158
1293;+7 (183) 478-65-56
1297;+7 788 274 60 69
1300;+7 (337) 429-44-54
1301;85267609830
1302;+7 (886) 481-83-65
1309;+7 (901) 094-0088
1311;8 547 724 2246
1312;+7 (168) 456-6373
1314;+7 336 165 3247
1321;+7 145 352 22 07
1322;8 224 853 46 74
1338;+7 (184) 567-9874
1340;+7 (796) 863-7872
1341;+7 439 070 9501
1342;+7 899 872 9867
1346;8 832 211 1085
1348;+7 541 560 66 64
1349;8 (443) 082-7444
1351;+7 287 168 64 91
1352;+74590947381
1359;+7 (073) 822-4752
1360;8 (611) 867-18-78
1361;8 058 850 1604
1363;+7 (208) 501-5614
1368;+7 902 639 6891
1370;8 (999) 013-37-77
1376;+74962284475
1377;+7 (354) 533-60-65
1383;+7 448 886 31 77
1387;+7 (923) 619-17-16
1392;+7 (462) 819-11-83
1399;+72381763868
1402;8 726 889 8771
1404;+7 779 851 18 15
1412;+79117548875
1414;8 (086) 423-21-99
1415;8 (442) 742-55-50
1419;8 (385) 304-3780
1422;8 380 755 55 83
1426;8 (268) 734-31-20
1427;89091955081
1433;+7 (242) 330-9516
1434;+76026396100
1437;+7 003 469 3779
1438;+7 594 359 72 57
1448;8 (839) 061-9591
1453;83663279989
1456;+7 674 986 86 34
1457;+7 (714) 253-65-51
1467;+7 117 388 3199
1468;+7 (719) 818-17-49
1472;8 587 756 28 44
1473;+78426437254
1474;+70367935314
1475;+7 662 704 1261
1477;+7 051 936 6457
1480;+7 716 742 18 40
1482;+72570105227
1488;+7 (334) 563-1876
1489;+7 968 942 06 95
1490;+7 456 467 33 00
1497;+7 (774) 979-3568
1500;+7 (195) 295-7143
1504;8 (863) 850-1714
1505;+7 (257) 471-36-32
1510;8 547 156 9397
1511;+7 (605) 169-5141
1519;8 (622) 937-3436
1522;8 (322) 883-58-81
1523;+7 (879) 176-3532
1524;8 338 467 59 09
1525;+7 421 174 32 39
1526;+75306695877
1527;8 262 522 79 19
1528;8 (634) 426-6728
1530;8 447 877 5791
1531;83231467049
1533;8 982 942 8267
1537;8 290 385 5234
1541;+7 440 868 59 07
1548;8 (958) 165-4598
1549;+7 (760) 217-1620
1550;8 899 546 78 13
1553;+7 (389) 911-6798
1554;+7 780 903 4679
1557;8 768 143 1846
1558;+7 340 542 41 54
1560;8 (839) 446-48-45
1561;8 (530) 346-30-66
1563;+7 (704) 279-62-51
1567;+7 148 770 02 92
1568;86448428639
1570;+71726686476
1575;+7 016 566 26 32
1576;+73412694079
1577;8 098 812 73 64
1578;88421495292
1579;8 (372) 493-3700
1582;+7 (223) 525-2006
1585;8 881 679 8819
1586;+7 (693) 937-3752
1588;8 652 180 2691
1592;+7 (640) 582-39-97
1595;+7 745 852 56 12
1596;8 117 193 5683
1600;+7 145 051 5106
1603;8 (239) 654-9172
1604;+7 (863) 903-3491
1605;+7 184 830 48 21
1606;+7 (057) 355-2638
1608;+7 585 880 7439
